AlbumID,AlbumCaption,BoardID
0104,"Cushion Covers",257127528664615685
0096,"Taiwan",257127528664615686
0037,"Animals",257127528664615687
0128,"Tableware",257127528664615688
0028,"Sport",257127528664615689
0082,"Western Theme",257127528664615690
0119,"Military",257127528664615691
0110,"Patterns for Bed Sheet",257127528664615692
0098,"Korea",257127528664615693
0089,"France",257127528664615694
0024,"Simple Motifs",257127528664615695
0065,"Judaica",257127528664615696
0049,"Alphabets",257127528664615697
0113,"Great People of the World",257127528664615698
0080,"Japan",257127528664615699
0041,"Africa",257127528664615700
0106,"Chevron Style",257127528664615701
0115,"Pakistan",257127528664615702
0014,"Miscellaneous designs",257127528664615703
0007,"Kids",257127528664615704
0052,"Music",257127528664615705
0011,"Sages of the World",257127528664615706
0027,"Ballet",257127528664615707
0095,"Egypt",257127528664615708
0034,"Halloween",257127528664615709
0092,"Greece",257127528664615710
0063,"Sri Lanka",257127528664615711
0030,"Vegetables",257127528664615712
0025,"Bookmarks",257127528664615713
0004,"Buildings",257127528664615714
0091,"Hawaii",257127528664615715
0078,"Hungary",257127528664615716
0099,"China",257127528664615717
0056,"Toys",257127528664615718
0047,"Valentine's Day",257127528664615719
0076,"Ukraina",257127528664615720
0009,"Birds",257127528664615721
0026,"Prague",257127528664615722
0107,"Indonesia",257127528664615723
0061,"Dinosaures",257127528664615724
0044,"Faberge Eggs",257127528664615725
0093,"Cacti",257127528664615726
0051,"Wedding",257127528664615727
0073,"Cosmos",257127528664615728
0125,"United Arab Emirates",257127528664615729
0066,"Cosmetics",257127528664615730
0071,"Computers",257127528664615731
0088,"Celtic",257127528664615732
0116,"Bulgaria",257127528664615733
0015,"Cats",257127528664615734
0043,"Vehicles",257127528664615735
0114,"Monsters",257127528664615736
0035,"Christmas",257127528664615737
0036,"Islam",257127528664615738
0068,"Mushrooms",257127528664615739
0072,"New Zeland",257127528664615740
0019,"Zodiac Signs",257127528664615741
0121,"Jamaica",257127528664615742
0021,"Angels",257127528664615743
0058,"Ladies",257127528664615744
0038,"Sea Habitants",257127528664615745
0057,"Forgiveness",257127528664615746
0109,"Aliens",257127528664615747
0018,"Dogs",257127528664615748
0123,"Netherlands",257127528664615749
0062,"London",257127528664615750
0023,"MomDay",257127528664615751
0050,"Thailand",257127528664615752
0130,"Free",257127528664615753
0029,"Fruits",257127528664615754
0074,"Bathroom",257127528664615755
0017,"Flowers",257127528664615756
0094,"Silhouettes",257127528664615757
0086,"Vietnam",257127528664615758
0059,"Butterflies",257127528664615759
0048,"Farm Animals",257127528664615760
0102,"Israel",257127528664615761
0039,"Insects",257127528664615762
0081,"Paintings",257127528664615763
0101,"Germany",257127528664615764
0124,"Latvia",257127528664615765
0097,"Australia",257127528664615766
0117,"Paganism",257127528664615767
0033,"Philippines",257127528664615768
0112,"United States of America",257127528664615769
0067,"Meal",257127528664615770
0040,"Religious",257127528664615771
0064,"Buddhism",257127528664615772
0087,"Hats",257127528664615773
0016,"Horses",257127528664615774
0100,"Morocco",257127528664615775
0006,"Ornaments",257127528664615776
0022,"Dragons",257127528664615777
0055,"Easter",257127528664615778
0103,"Canada",257127528664615779
0108,"Socotra Island",257127528664615780
0054,"Children",257127528664615781
0070,"New Year",257127528664615782
0118,"Italy",257127528664615783
0031,"Leaves",257127528664615784
0069,"Stationery",257127528664615785
0129,"Flags",257127528664615786
0032,"India",257127528664615787
0060,"Mermaids",257127528664615788
0090,"Lithuania",257127528664615789
0042,"Spain",257127528664615790
0105,"Russia",257127528664615791
0111,"Sweden",257127528664615792
0008,"Nature",257127528664615793
0020,"Fairies",257127528664615794
0120,"Ethiopia",257127528664615795
0127,"Emojis",257127528664615796
0122,"Norway",257127528664615797
0053,"Sayings",257127528664615798
